{"zones":{"America/Los_Angeles":[[472.9666666666667,"-","LMT",-2717668378000],[480,"US","P%sT",-725932800000],[480,"CA","P%sT",-63244800000],[480,"US","P%sT",null]],"America/New_York":[[296.0333333333333,"-","LMT",-2717668562000],[300,"US","E%sT",-1546387200000],[300,"NYC","E%sT",-852163200000],[300,"US","E%sT",-725932800000],[300,"NYC","E%sT",-63244800000],[300,"US","E%sT",null]],"Etc/GMT":[[0,"-","GMT",null]],"Etc/UTC":[[0,"-","UTC",null]]},"rules":{"US":[[1918,1919,"-","Mar","lastSun",["2:00",2,0,0,null],60,"D"],[1918,1919,"-","Oct","lastSun",["2:00",2,0,0,null],0,"S"],[1942,"only","-","Feb","9",["2:00",2,0,0,null],60,"W",""],[1945,"only","-","Aug","14",["23:00u",23,0,0,"u"],60,"P",""],[1945,"only","-","Sep","30",["2:00",2,0,0,null],0,"S"],[1967,2006,"-","Oct","lastSun",["2:00",2,0,0,null],0,"S"],[1967,1973,"-","Apr","lastSun",["2:00",2,0,0,null],60,"D"],[1974,"only","-","Jan","6",["2:00",2,0,0,null],60,"D"],[1975,"only","-","Feb","23",["2:00",2,0,0,null],60,"D"],[1976,1986,"-","Apr","lastSun",["2:00",2,0,0,null],60,"D"],[1987,2006,"-","Apr","Sun>=1",["2:00",2,0,0,null],60,"D"],[2007,"max","-","Mar","Sun>=8",["2:00",2,0,0,null],60,"D"],[2007,"max","-","Nov","Sun>=1",["2:00",2,0,0,null],0,"S"]],"CA":[[1948,"only","-","Mar","14",["2:00",2,0,0,null],60,"D"],[1949,"only","-","Jan","1",["2:00",2,0,0,null],0,"S"],[1950,1966,"-","Apr","lastSun",["2:00",2,0,0,null],60,"D"],[1950,1961,"-","Sep","lastSun",["2:00",2,0,0,null],0,"S"],[1962,1966,"-","Oct","lastSun",["2:00",2,0,0,null],0,"S"]],"NYC":[[1920,"only","-","Mar","lastSun",["2:00",2,0,0,null],60,"D"],[1920,"only","-","Oct","lastSun",["2:00",2,0,0,null],0,"S"],[1921,1966,"-","Apr","lastSun",["2:00",2,0,0,null],60,"D"],[1921,1954,"-","Sep","lastSun",["2:00",2,0,0,null],0,"S"],[1955,1966,"-","Oct","lastSun",["2:00",2,0,0,null],0,"S"]]}}
